Review,Rating
I expected better quality for the price; not worth it.,1
It cleans easily after outdoor adventures; a big plus for me.,5
Handles are uncomfortable and dig into my hands.,1
Lightweight and easy to carry during hikes and picnics.,5
The handles are sturdy and comfortable to hold.,5
The material feels flimsy and doesn't seem durable.,1
The eco-friendly claim seems questionable; no certifications provided.,1
Great for carrying all my gear without feeling heavy.,5
Great for carrying all my gear without feeling heavy.,5
It's not as spacious as advertised; feels small.,1
I appreciate the sustainable materials used; very thoughtful.,5
I love that it's eco-friendly; it feels good to support the environment!,5
It's not as spacious as advertised; feels small.,1
Lightweight and easy to carry during hikes and picnics.,5
The design is bland and lacks personality.,1
The stitching came undone after a week of use.,1
The design is bland and lacks personality.,1
Lightweight and easy to carry during hikes and picnics.,5
It's not as spacious as advertised; feels small.,1
I expected better quality for the price; not worth it.,1
I expected better quality for the price; not worth it.,1
"Color fades after washing, which is a letdown.",1
Handles are uncomfortable and dig into my hands.,1
Handles are uncomfortable and dig into my hands.,1
The design is simple yet stylish; I get compliments all the time.,5
The stitching came undone after a week of use.,1
The stitching came undone after a week of use.,1
The handles are sturdy and comfortable to hold.,5
The design is simple yet stylish; I get compliments all the time.,5
The stitching came undone after a week of use.,1
The bag tore after just a few uses; very disappointing.,1
The stitching came undone after a week of use.,1
"Color fades after washing, which is a letdown.",1
The design is simple yet stylish; I get compliments all the time.,5
The handles are sturdy and comfortable to hold.,5
The bag tore after just a few uses; very disappointing.,1
The stitching came undone after a week of use.,1
Durable material that holds up even on rough terrain.,5
The color options are fantastic and match any outfit.,5
I love that it's eco-friendly; it feels good to support the environment!,5
Handles are uncomfortable and dig into my hands.,1
Lightweight and easy to carry during hikes and picnics.,5
The material feels flimsy and doesn't seem durable.,1
The color options are fantastic and match any outfit.,5
Great for carrying all my gear without feeling heavy.,5
Great for carrying all my gear without feeling heavy.,5
The color options are fantastic and match any outfit.,5
I love that it's eco-friendly; it feels good to support the environment!,5
The design is bland and lacks personality.,1
Durable material that holds up even on rough terrain.,5
Great for carrying all my gear without feeling heavy.,5
Durable material that holds up even on rough terrain.,5
The handles are sturdy and comfortable to hold.,5
"Color fades after washing, which is a letdown.",1
The handles are sturdy and comfortable to hold.,5
The color options are fantastic and match any outfit.,5
The color options are fantastic and match any outfit.,5
It cleans easily after outdoor adventures; a big plus for me.,5
The tote is incredibly spacious and perfect for outdoor activities.,5
It cleans easily after outdoor adventures; a big plus for me.,5
The design is bland and lacks personality.,1
The eco-friendly claim seems questionable; no certifications provided.,1
The stitching came undone after a week of use.,1
The design is bland and lacks personality.,1
The handles are sturdy and comfortable to hold.,5
I appreciate the sustainable materials used; very thoughtful.,5
Handles are uncomfortable and dig into my hands.,1
I love that it's eco-friendly; it feels good to support the environment!,5
The color options are fantastic and match any outfit.,5
The bag tore after just a few uses; very disappointing.,1
I expected better quality for the price; not worth it.,1
I expected better quality for the price; not worth it.,1
"Color fades after washing, which is a letdown.",1
"Color fades after washing, which is a letdown.",1
The stitching came undone after a week of use.,1
It doesn't hold up well in wet conditions; water seeps through.,1
The bag tore after just a few uses; very disappointing.,1
The tote is incredibly spacious and perfect for outdoor activities.,5
The bag tore after just a few uses; very disappointing.,1
The eco-friendly claim seems questionable; no certifications provided.,1
Great for carrying all my gear without feeling heavy.,5
I love that it's eco-friendly; it feels good to support the environment!,5
The design is bland and lacks personality.,1
Lightweight and easy to carry during hikes and picnics.,5
"Color fades after washing, which is a letdown.",1
It cleans easily after outdoor adventures; a big plus for me.,5
Lightweight and easy to carry during hikes and picnics.,5
The stitching came undone after a week of use.,1
The eco-friendly claim seems questionable; no certifications provided.,1
The bag tore after just a few uses; very disappointing.,1
The eco-friendly claim seems questionable; no certifications provided.,1
I expected better quality for the price; not worth it.,1
It doesn't hold up well in wet conditions; water seeps through.,1
The design is bland and lacks personality.,1
The eco-friendly claim seems questionable; no certifications provided.,1
The eco-friendly claim seems questionable; no certifications provided.,1
The color options are fantastic and match any outfit.,5
The color options are fantastic and match any outfit.,5
The material feels flimsy and doesn't seem durable.,1
I love that it's eco-friendly; it feels good to support the environment!,5
Durable material that holds up even on rough terrain.,5
The eco-friendly claim seems questionable; no certifications provided.,1
The color options are fantastic and match any outfit.,5
The bag tore after just a few uses; very disappointing.,1
"Color fades after washing, which is a letdown.",1
The color options are fantastic and match any outfit.,5
It doesn't hold up well in wet conditions; water seeps through.,1
Durable material that holds up even on rough terrain.,5
The stitching came undone after a week of use.,1
Durable material that holds up even on rough terrain.,5
I love that it's eco-friendly; it feels good to support the environment!,5
"Color fades after washing, which is a letdown.",1
Handles are uncomfortable and dig into my hands.,1
I appreciate the sustainable materials used; very thoughtful.,5
It's not as spacious as advertised; feels small.,1
It doesn't hold up well in wet conditions; water seeps through.,1
It cleans easily after outdoor adventures; a big plus for me.,5
I appreciate the sustainable materials used; very thoughtful.,5
It cleans easily after outdoor adventures; a big plus for me.,5
The tote is incredibly spacious and perfect for outdoor activities.,5
I appreciate the sustainable materials used; very thoughtful.,5
It cleans easily after outdoor adventures; a big plus for me.,5
Handles are uncomfortable and dig into my hands.,1
The color options are fantastic and match any outfit.,5
The tote is incredibly spacious and perfect for outdoor activities.,5
It cleans easily after outdoor adventures; a big plus for me.,5
The eco-friendly claim seems questionable; no certifications provided.,1
Great for carrying all my gear without feeling heavy.,5
I love that it's eco-friendly; it feels good to support the environment!,5
The material feels flimsy and doesn't seem durable.,1
I love that it's eco-friendly; it feels good to support the environment!,5
It cleans easily after outdoor adventures; a big plus for me.,5
It doesn't hold up well in wet conditions; water seeps through.,1
Handles are uncomfortable and dig into my hands.,1
The handles are sturdy and comfortable to hold.,5
Lightweight and easy to carry during hikes and picnics.,5
I appreciate the sustainable materials used; very thoughtful.,5
I appreciate the sustainable materials used; very thoughtful.,5
The handles are sturdy and comfortable to hold.,5
The bag tore after just a few uses; very disappointing.,1
The handles are sturdy and comfortable to hold.,5
I love that it's eco-friendly; it feels good to support the environment!,5
It doesn't hold up well in wet conditions; water seeps through.,1
The design is simple yet stylish; I get compliments all the time.,5
The eco-friendly claim seems questionable; no certifications provided.,1
It's not as spacious as advertised; feels small.,1
I appreciate the sustainable materials used; very thoughtful.,5
The handles are sturdy and comfortable to hold.,5
The material feels flimsy and doesn't seem durable.,1
Handles are uncomfortable and dig into my hands.,1
I love that it's eco-friendly; it feels good to support the environment!,5
I appreciate the sustainable materials used; very thoughtful.,5
Lightweight and easy to carry during hikes and picnics.,5
The tote is incredibly spacious and perfect for outdoor activities.,5
The eco-friendly claim seems questionable; no certifications provided.,1
"Color fades after washing, which is a letdown.",1
The tote is incredibly spacious and perfect for outdoor activities.,5
Great for carrying all my gear without feeling heavy.,5
The eco-friendly claim seems questionable; no certifications provided.,1
I appreciate the sustainable materials used; very thoughtful.,5
The design is simple yet stylish; I get compliments all the time.,5
The eco-friendly claim seems questionable; no certifications provided.,1
It's not as spacious as advertised; feels small.,1
I appreciate the sustainable materials used; very thoughtful.,5
It's not as spacious as advertised; feels small.,1
Handles are uncomfortable and dig into my hands.,1
Lightweight and easy to carry during hikes and picnics.,5
Great for carrying all my gear without feeling heavy.,5
The bag tore after just a few uses; very disappointing.,1
The color options are fantastic and match any outfit.,5
The tote is incredibly spacious and perfect for outdoor activities.,5
The design is simple yet stylish; I get compliments all the time.,5
The material feels flimsy and doesn't seem durable.,1
The tote is incredibly spacious and perfect for outdoor activities.,5
The tote is incredibly spacious and perfect for outdoor activities.,5
The design is simple yet stylish; I get compliments all the time.,5
The bag tore after just a few uses; very disappointing.,1
It cleans easily after outdoor adventures; a big plus for me.,5
The color options are fantastic and match any outfit.,5
I expected better quality for the price; not worth it.,1
The material feels flimsy and doesn't seem durable.,1
I love that it's eco-friendly; it feels good to support the environment!,5
It's not as spacious as advertised; feels small.,1
I expected better quality for the price; not worth it.,1
Handles are uncomfortable and dig into my hands.,1
I appreciate the sustainable materials used; very thoughtful.,5
I expected better quality for the price; not worth it.,1
Great for carrying all my gear without feeling heavy.,5
Lightweight and easy to carry during hikes and picnics.,5
Durable material that holds up even on rough terrain.,5
"Color fades after washing, which is a letdown.",1
It's not as spacious as advertised; feels small.,1
The material feels flimsy and doesn't seem durable.,1
"Color fades after washing, which is a letdown.",1
It cleans easily after outdoor adventures; a big plus for me.,5
Lightweight and easy to carry during hikes and picnics.,5
The handles are sturdy and comfortable to hold.,5
The tote is incredibly spacious and perfect for outdoor activities.,5
It cleans easily after outdoor adventures; a big plus for me.,5
The design is bland and lacks personality.,1
The material feels flimsy and doesn't seem durable.,1
The design is simple yet stylish; I get compliments all the time.,5
I love that it's eco-friendly; it feels good to support the environment!,5
The design is simple yet stylish; I get compliments all the time.,5
Great for carrying all my gear without feeling heavy.,5
It cleans easily after outdoor adventures; a big plus for me.,5
The color options are fantastic and match any outfit.,5
Durable material that holds up even on rough terrain.,5
The bag tore after just a few uses; very disappointing.,1
It doesn't hold up well in wet conditions; water seeps through.,1
It's not as spacious as advertised; feels small.,1
The color options are fantastic and match any outfit.,5
The eco-friendly claim seems questionable; no certifications provided.,1
The design is bland and lacks personality.,1
It doesn't hold up well in wet conditions; water seeps through.,1
"Color fades after washing, which is a letdown.",1
It doesn't hold up well in wet conditions; water seeps through.,1
I appreciate the sustainable materials used; very thoughtful.,5
The bag tore after just a few uses; very disappointing.,1
Lightweight and easy to carry during hikes and picnics.,5
The stitching came undone after a week of use.,1
The bag tore after just a few uses; very disappointing.,1
The tote is incredibly spacious and perfect for outdoor activities.,5
The handles are sturdy and comfortable to hold.,5
The design is simple yet stylish; I get compliments all the time.,5
The material feels flimsy and doesn't seem durable.,1
I love that it's eco-friendly; it feels good to support the environment!,5
Handles are uncomfortable and dig into my hands.,1
The eco-friendly claim seems questionable; no certifications provided.,1
The handles are sturdy and comfortable to hold.,5
The tote is incredibly spacious and perfect for outdoor activities.,5
Durable material that holds up even on rough terrain.,5
The material feels flimsy and doesn't seem durable.,1
Durable material that holds up even on rough terrain.,5
Handles are uncomfortable and dig into my hands.,1
It doesn't hold up well in wet conditions; water seeps through.,1
The design is bland and lacks personality.,1
Lightweight and easy to carry during hikes and picnics.,5
The tote is incredibly spacious and perfect for outdoor activities.,5
It cleans easily after outdoor adventures; a big plus for me.,5
I expected better quality for the price; not worth it.,1
It cleans easily after outdoor adventures; a big plus for me.,5
"Color fades after washing, which is a letdown.",1
The design is simple yet stylish; I get compliments all the time.,5
"Color fades after washing, which is a letdown.",1
The design is simple yet stylish; I get compliments all the time.,5
It cleans easily after outdoor adventures; a big plus for me.,5
Durable material that holds up even on rough terrain.,5
It doesn't hold up well in wet conditions; water seeps through.,1
The color options are fantastic and match any outfit.,5
Handles are uncomfortable and dig into my hands.,1
The eco-friendly claim seems questionable; no certifications provided.,1
The eco-friendly claim seems questionable; no certifications provided.,1
I love that it's eco-friendly; it feels good to support the environment!,5
The design is bland and lacks personality.,1
The bag tore after just a few uses; very disappointing.,1
Great for carrying all my gear without feeling heavy.,5
The material feels flimsy and doesn't seem durable.,1
Durable material that holds up even on rough terrain.,5
The bag tore after just a few uses; very disappointing.,1
It doesn't hold up well in wet conditions; water seeps through.,1
Lightweight and easy to carry during hikes and picnics.,5
The stitching came undone after a week of use.,1
The color options are fantastic and match any outfit.,5
The tote is incredibly spacious and perfect for outdoor activities.,5
It cleans easily after outdoor adventures; a big plus for me.,5
The material feels flimsy and doesn't seem durable.,1
Lightweight and easy to carry during hikes and picnics.,5
Handles are uncomfortable and dig into my hands.,1
Lightweight and easy to carry during hikes and picnics.,5
The handles are sturdy and comfortable to hold.,5
Durable material that holds up even on rough terrain.,5
The handles are sturdy and comfortable to hold.,5
The material feels flimsy and doesn't seem durable.,1
Handles are uncomfortable and dig into my hands.,1
The eco-friendly claim seems questionable; no certifications provided.,1
It doesn't hold up well in wet conditions; water seeps through.,1
The eco-friendly claim seems questionable; no certifications provided.,1
The design is bland and lacks personality.,1
The handles are sturdy and comfortable to hold.,5
The eco-friendly claim seems questionable; no certifications provided.,1
I love that it's eco-friendly; it feels good to support the environment!,5
The material feels flimsy and doesn't seem durable.,1
The handles are sturdy and comfortable to hold.,5
I love that it's eco-friendly; it feels good to support the environment!,5
The design is bland and lacks personality.,1
It doesn't hold up well in wet conditions; water seeps through.,1
It doesn't hold up well in wet conditions; water seeps through.,1
It's not as spacious as advertised; feels small.,1
I expected better quality for the price; not worth it.,1
It doesn't hold up well in wet conditions; water seeps through.,1
Handles are uncomfortable and dig into my hands.,1
It doesn't hold up well in wet conditions; water seeps through.,1
The material feels flimsy and doesn't seem durable.,1
The design is simple yet stylish; I get compliments all the time.,5
Lightweight and easy to carry during hikes and picnics.,5
The bag tore after just a few uses; very disappointing.,1
The stitching came undone after a week of use.,1
The stitching came undone after a week of use.,1
The design is bland and lacks personality.,1
The design is bland and lacks personality.,1
The design is simple yet stylish; I get compliments all the time.,5
I expected better quality for the price; not worth it.,1
Lightweight and easy to carry during hikes and picnics.,5
Great for carrying all my gear without feeling heavy.,5
Great for carrying all my gear without feeling heavy.,5
The bag tore after just a few uses; very disappointing.,1
It cleans easily after outdoor adventures; a big plus for me.,5
Durable material that holds up even on rough terrain.,5
The color options are fantastic and match any outfit.,5
Handles are uncomfortable and dig into my hands.,1
It cleans easily after outdoor adventures; a big plus for me.,5
"Color fades after washing, which is a letdown.",1
Handles are uncomfortable and dig into my hands.,1
It cleans easily after outdoor adventures; a big plus for me.,5
Handles are uncomfortable and dig into my hands.,1
It's not as spacious as advertised; feels small.,1
Durable material that holds up even on rough terrain.,5
The eco-friendly claim seems questionable; no certifications provided.,1
It's not as spacious as advertised; feels small.,1
The handles are sturdy and comfortable to hold.,5
"Color fades after washing, which is a letdown.",1
The tote is incredibly spacious and perfect for outdoor activities.,5
I expected better quality for the price; not worth it.,1
Lightweight and easy to carry during hikes and picnics.,5
"Color fades after washing, which is a letdown.",1
Great for carrying all my gear without feeling heavy.,5
The tote is incredibly spacious and perfect for outdoor activities.,5
I love that it's eco-friendly; it feels good to support the environment!,5
The eco-friendly claim seems questionable; no certifications provided.,1
I love that it's eco-friendly; it feels good to support the environment!,5
I love that it's eco-friendly; it feels good to support the environment!,5
The tote is incredibly spacious and perfect for outdoor activities.,5
I appreciate the sustainable materials used; very thoughtful.,5
The handles are sturdy and comfortable to hold.,5
It cleans easily after outdoor adventures; a big plus for me.,5
The eco-friendly claim seems questionable; no certifications provided.,1
The stitching came undone after a week of use.,1
The tote is incredibly spacious and perfect for outdoor activities.,5
It cleans easily after outdoor adventures; a big plus for me.,5
The handles are sturdy and comfortable to hold.,5
Durable material that holds up even on rough terrain.,5
The design is bland and lacks personality.,1
The stitching came undone after a week of use.,1
The color options are fantastic and match any outfit.,5
The design is simple yet stylish; I get compliments all the time.,5
The material feels flimsy and doesn't seem durable.,1
The design is bland and lacks personality.,1
The color options are fantastic and match any outfit.,5
It doesn't hold up well in wet conditions; water seeps through.,1
The material feels flimsy and doesn't seem durable.,1
The material feels flimsy and doesn't seem durable.,1
The design is simple yet stylish; I get compliments all the time.,5
The stitching came undone after a week of use.,1
It doesn't hold up well in wet conditions; water seeps through.,1
The handles are sturdy and comfortable to hold.,5
The tote is incredibly spacious and perfect for outdoor activities.,5
The bag tore after just a few uses; very disappointing.,1
The handles are sturdy and comfortable to hold.,5
Great for carrying all my gear without feeling heavy.,5
The handles are sturdy and comfortable to hold.,5
The stitching came undone after a week of use.,1
Lightweight and easy to carry during hikes and picnics.,5
Durable material that holds up even on rough terrain.,5
Durable material that holds up even on rough terrain.,5
Durable material that holds up even on rough terrain.,5
The bag tore after just a few uses; very disappointing.,1
The design is bland and lacks personality.,1
I appreciate the sustainable materials used; very thoughtful.,5
The eco-friendly claim seems questionable; no certifications provided.,1
I appreciate the sustainable materials used; very thoughtful.,5
The material feels flimsy and doesn't seem durable.,1
The handles are sturdy and comfortable to hold.,5
The material feels flimsy and doesn't seem durable.,1
It's not as spacious as advertised; feels small.,1
The design is simple yet stylish; I get compliments all the time.,5
The eco-friendly claim seems questionable; no certifications provided.,1
It cleans easily after outdoor adventures; a big plus for me.,5
I love that it's eco-friendly; it feels good to support the environment!,5
The handles are sturdy and comfortable to hold.,5
The tote is incredibly spacious and perfect for outdoor activities.,5
The design is bland and lacks personality.,1
It cleans easily after outdoor adventures; a big plus for me.,5
I expected better quality for the price; not worth it.,1
Handles are uncomfortable and dig into my hands.,1
I appreciate the sustainable materials used; very thoughtful.,5
The material feels flimsy and doesn't seem durable.,1
The color options are fantastic and match any outfit.,5
The design is simple yet stylish; I get compliments all the time.,5
Lightweight and easy to carry during hikes and picnics.,5
The bag tore after just a few uses; very disappointing.,1
It doesn't hold up well in wet conditions; water seeps through.,1
The design is bland and lacks personality.,1
Lightweight and easy to carry during hikes and picnics.,5
It doesn't hold up well in wet conditions; water seeps through.,1
The material feels flimsy and doesn't seem durable.,1
It doesn't hold up well in wet conditions; water seeps through.,1
The stitching came undone after a week of use.,1
It cleans easily after outdoor adventures; a big plus for me.,5
The color options are fantastic and match any outfit.,5
The design is simple yet stylish; I get compliments all the time.,5
The bag tore after just a few uses; very disappointing.,1
The bag tore after just a few uses; very disappointing.,1
Handles are uncomfortable and dig into my hands.,1
I expected better quality for the price; not worth it.,1
Handles are uncomfortable and dig into my hands.,1
"Color fades after washing, which is a letdown.",1
The material feels flimsy and doesn't seem durable.,1
Handles are uncomfortable and dig into my hands.,1
The handles are sturdy and comfortable to hold.,5
It cleans easily after outdoor adventures; a big plus for me.,5
The handles are sturdy and comfortable to hold.,5
Durable material that holds up even on rough terrain.,5
It's not as spacious as advertised; feels small.,1
The tote is incredibly spacious and perfect for outdoor activities.,5
It doesn't hold up well in wet conditions; water seeps through.,1
"Color fades after washing, which is a letdown.",1
The handles are sturdy and comfortable to hold.,5
I appreciate the sustainable materials used; very thoughtful.,5
It doesn't hold up well in wet conditions; water seeps through.,1
The handles are sturdy and comfortable to hold.,5
Handles are uncomfortable and dig into my hands.,1
It's not as spacious as advertised; feels small.,1
I appreciate the sustainable materials used; very thoughtful.,5
The stitching came undone after a week of use.,1
The design is simple yet stylish; I get compliments all the time.,5
The design is simple yet stylish; I get compliments all the time.,5
The color options are fantastic and match any outfit.,5
It's not as spacious as advertised; feels small.,1
The bag tore after just a few uses; very disappointing.,1
The bag tore after just a few uses; very disappointing.,1
Durable material that holds up even on rough terrain.,5
It's not as spacious as advertised; feels small.,1
It doesn't hold up well in wet conditions; water seeps through.,1
Lightweight and easy to carry during hikes and picnics.,5
The bag tore after just a few uses; very disappointing.,1
"Color fades after washing, which is a letdown.",1
The design is simple yet stylish; I get compliments all the time.,5
It cleans easily after outdoor adventures; a big plus for me.,5
The design is bland and lacks personality.,1
Great for carrying all my gear without feeling heavy.,5
I expected better quality for the price; not worth it.,1
The bag tore after just a few uses; very disappointing.,1
The handles are sturdy and comfortable to hold.,5
The stitching came undone after a week of use.,1
"Color fades after washing, which is a letdown.",1
Great for carrying all my gear without feeling heavy.,5
The bag tore after just a few uses; very disappointing.,1
Handles are uncomfortable and dig into my hands.,1
The design is bland and lacks personality.,1
Lightweight and easy to carry during hikes and picnics.,5
The design is simple yet stylish; I get compliments all the time.,5
The material feels flimsy and doesn't seem durable.,1
Great for carrying all my gear without feeling heavy.,5
The eco-friendly claim seems questionable; no certifications provided.,1
The handles are sturdy and comfortable to hold.,5
Handles are uncomfortable and dig into my hands.,1
Lightweight and easy to carry during hikes and picnics.,5
The bag tore after just a few uses; very disappointing.,1
The design is simple yet stylish; I get compliments all the time.,5
I love that it's eco-friendly; it feels good to support the environment!,5
Great for carrying all my gear without feeling heavy.,5
The handles are sturdy and comfortable to hold.,5
The eco-friendly claim seems questionable; no certifications provided.,1
It cleans easily after outdoor adventures; a big plus for me.,5
The material feels flimsy and doesn't seem durable.,1
It cleans easily after outdoor adventures; a big plus for me.,5
It doesn't hold up well in wet conditions; water seeps through.,1
"Color fades after washing, which is a letdown.",1
Durable material that holds up even on rough terrain.,5
I expected better quality for the price; not worth it.,1
I expected better quality for the price; not worth it.,1
The design is simple yet stylish; I get compliments all the time.,5
The stitching came undone after a week of use.,1
Handles are uncomfortable and dig into my hands.,1
Handles are uncomfortable and dig into my hands.,1
The eco-friendly claim seems questionable; no certifications provided.,1
It doesn't hold up well in wet conditions; water seeps through.,1
The eco-friendly claim seems questionable; no certifications provided.,1
Lightweight and easy to carry during hikes and picnics.,5
Great for carrying all my gear without feeling heavy.,5
The tote is incredibly spacious and perfect for outdoor activities.,5
I expected better quality for the price; not worth it.,1
Great for carrying all my gear without feeling heavy.,5
The stitching came undone after a week of use.,1
I love that it's eco-friendly; it feels good to support the environment!,5
Handles are uncomfortable and dig into my hands.,1
It's not as spacious as advertised; feels small.,1
The handles are sturdy and comfortable to hold.,5
The eco-friendly claim seems questionable; no certifications provided.,1
The color options are fantastic and match any outfit.,5
It's not as spacious as advertised; feels small.,1
I love that it's eco-friendly; it feels good to support the environment!,5
It cleans easily after outdoor adventures; a big plus for me.,5
Great for carrying all my gear without feeling heavy.,5
I appreciate the sustainable materials used; very thoughtful.,5
The eco-friendly claim seems questionable; no certifications provided.,1
The eco-friendly claim seems questionable; no certifications provided.,1
The eco-friendly claim seems questionable; no certifications provided.,1
Great for carrying all my gear without feeling heavy.,5
